id|title|labels|priority|deps|goal|why|scope|acceptance|test
M0.1|وثّق دراسة المرجع المرئية والمصادر|documentation,design|P0||استخلاص Design DNA من مصادر أولية|يحمي اللعبة من التخمين والنسخ|Steam واللقطات والdemo وdevlogs وحدود المشاهدة|وثيقة بمصادر وروابط وملاحظات مباشرة واستنتاجات مميزة|مراجعة الروابط والادعاءات يدويًا
M0.2|ثبّت مفهوم وَصْل ومعايير المتعة|design,gameplay|P0|M0.1|تعريف الفعل الأول والحلقة والجولات|يحمي التطوير من بناء Features قبل إثبات المتعة|قواعد الفرص والمحطات والمراحل والفشل والتجريب|وثيقة قابلة للتنفيذ ومعايير playtest قابلة للملاحظة|مراجعة سيناريو أول خمس دقائق ورقيًا
M0.3|ثبّت Art Bible والقرار التقني|art,technical,documentation|P0|M0.1,M0.2|تحديد هوية أصلية وStack مناسب|يوحد الإنتاج ويحد تكلفة المتصفح|لوحة ألوان وحركة وصوت ومقارنة stack ومعمارية|وثيقتان تشرحان الأصول والتقنية والقيود|مراجعة الاستقلال عن المرجع وروابط التوثيق
M0.4|انشر لوحة GitHub وخارطة Issues والاعتماديات|documentation,technical|P0|M0.2,M0.3|جعل GitHub مصدر الحقيقة|لا يبدأ الكود بخطة موجودة في المحادثة فقط|Milestones وlabels وProject وIssues وREADME|كل Milestone لها Issues ومعايير واختبارات واعتماديات بلا دورة|تدقيق اللوحة وعدّ القضايا وروابطها
M1.1|جهّز Vite وTypeScript والبنية|technical|P0|M0.4|إقلاع تطبيق ويب صغير|أساس موحد للميزات التالية|package scripts وtsconfig ومجلدات src|dev وbuild وtypecheck تعمل بلا Gameplay|تشغيل الأوامر وفتح الصفحة في المتصفح
M1.2|أنشئ نواة محاكاة حتمية|technical,testing|P0|M1.1|فصل القواعد عن الرسم|تسهّل إعادة الاختبار والتوازن|tick ثابت وseed وطابور events وحدود|نتائج متطابقة لنفس seed والأوامر|Vitest للثبات وحدود الطابور
M1.3|أنشئ مشهد Pixi ولوحة كاميرا|technical,ui-ux|P0|M1.1|عرض شبكة قابلة للتوسيع|تحتاج جميع التفاعلات إحداثيات ثابتة|Canvas وgrid وresize وzoom بالماوس|لا انزياح بين المؤشر والخلايا بعد resize أو zoom|فحص متصفح عند دقتين وPlaywright smoke
M1.4|أنشئ هيكل واجهة عربية RTL|localization,ui-ux|P0|M1.1|قراءة سليمة من أول إصدار|التعريب المتأخر يغير تخطيط اللعب|HTML dir rtl وقاموس ومكونات HUD أولية|النصوص والأرقام والعناصر المختلطة واضحة|فحص متصفح بصري ودلالات DOM
M1.5|أنشئ CI ونشر shell تجريبي|technical,testing|P0|M1.1|بناء قابل للفحص بعد كل تغيير|يمنع تكوّن نسخة غير قابلة للتشغيل|Actions للبناء/اختبار أولي وPages بعد نجاح main|PR ينتج build ناجح وmain ينشر shell واضح الحالة|تحقق من run وفتح URL المنشور
M2.1|نفّذ سحب بطاقة الفرصة وإفلاتها|gameplay,ui-ux|P0|M1.2,M1.3,M1.4|فعل ماوس واحد واضح|هو بوابة فهم اللعبة|drag preview وdrop valid/invalid وإلغاء|الماوس وحده يكمل التفاعل مع feedback واضح|Playwright pointer ومسار إلغاء في المتصفح
M2.2|نفّذ وضع محطة المنتج وإعادة تموضعها|gameplay,ui-ux|P0|M2.1|جعل التخطيط قرارًا|موضع المحطة يجب أن يؤثر بوضوح|شراء تجريبي ووضع/تحريك مع preview للمسار|يوضح preview أثر الموضع ويمنع التداخل|اختبار قواعد الخلايا وفحص سحب بالمتصفح
M2.3|نفّذ معالجة فرصة واحدة وعائدها|gameplay,technical|P0|M2.1,M2.2|إكمال أصغر دورة سببية|يثبت قيمة الفعل الأول|دخول ومعالجة وخروج وحدث عائد|تتحول فرصة إلى تسليم وعائد مرة واحدة فقط|Vitest للحالة وPlaywright لمسار الماوس
M2.4|اعرض أول إحالة كسلسلة مرئية|gameplay,art|P0|M2.3|إظهار وعد التفاعل المتسلسل|العداد وحده لا يخلق الإحساس المطلوب|إحالة واحدة محدودة وpulse وخط متحرك|يستطيع اللاعب تتبع مصدر الإحالة ووجهتها|اختبار حد الإحالات وفحص مرئي
M2.5|اختبر متعة النموذج الأولي مع لاعبين|design,testing|P0|M2.4|قرار go/no-go قبل شجرة الترقيات|قد يكون الفعل الأساسي غير ممتع|جلسات ملاحظة قصيرة وتقرير اختناق|توثيق فهم أول 10 ثوانٍ وقرار layout وسبب فشل|Playtest موثق وIssue إصلاح إن فشلت المعايير
M3.1|أضف اقتصاد السيولة والتكلفة|gameplay,technical|P0|M2.5|خلق مفاضلة للاستثمار|الشراء يحتاج تكلفة فرصة|دخل وتسعير وتكلفة تشغيل قابلة للضبط|لا قيم سالبة غير مقصودة وتظهر أسباب تغير الرصيد|Vitest مع حالات الحافة وفحص HUD
M3.2|أضف مهلة الفرص وضغط السوق المعلن|gameplay,ui-ux|P0|M3.1|جعل الجولة تتطلب قرارات|غياب الضغط يحولها إلى انتظار|مؤقتات واضحة وموجة سوق أولى|إنذار مسبق وسبب ضياع الفرصة ظاهر|اختبار توقيت حتمي وفحص بصري
M3.3|نفّذ شرط الفوز والفشل للجولة|gameplay,testing|P0|M3.2|نهاية مفهومة ومحفزة للإعادة|لا معنى للتقدم دون هدف|هدف أثر وحالة خسارة سيولة ومهلة إنقاذ|نهاية واحدة فقط ورسالة سبب محدد|Vitest للحالات وPlaywright لكل نهاية
M3.4|أنشئ شاشة النتائج وإعادة الجولة|gameplay,ui-ux|P0|M3.3|دعم one more run|اللاعب يحتاج معرفة ما يحسن|أفضل سلسلة واختناق وزر إعادة|يمكن إعادة الجولة بالماوس دون حالة قديمة|Playwright لجولتين متتاليتين
M3.5|أضف حفظ الإعدادات والفتح الأولي|technical,testing|P1|M3.4|استئناف آمن بين الجلسات|اللعبة متصفح وقد يُغلق التبويب|صيغة save versioned وإعدادات صوت وفتح المرحلة|save/load لا يكرر المكافآت ويتعامل مع بيانات فاسدة|Vitest migration وفحص reload متصفح
M3.6|انشر أول جولة قابلة للعب|technical,testing,high-priority|P0|M3.4,M3.5,M1.5|رابط مستقر لتجربة أول حلقة|البناء المستمر مطلب أساسي|smoke كامل بالماوس وتحديث README والرابط|main يلعب جولة كاملة من URL عام|GitHub Actions وPlaywright وفحص يدوي
M4.1|عرّف ترقيات كبيانات وشجرة واضحة|gameplay,ui-ux|P0|M3.6|قرارات قابلة للتوسع|التفرعات الصلبة تعقّد التوازن|schema ومتطلبات وواجهة فرع|العقد المتاحة والمغلقة وأسبابها واضحة|Vitest لشروط الفتح وفحص RTL
M4.2|نفّذ فرع المنتج المرئي|gameplay,art|P1|M4.1|تخصص في الجودة والمعالجة|يشكل build أول|3–4 ترقيات تغير سلوك/شكل المحطة|كل ترقية تؤثر على نتيجة وسلوك ظاهر|اختبار مقارنة seed قبل/بعد وفحص مرئي
M4.3|نفّذ فرع النمو والإحالات|gameplay,art|P1|M4.1|تخصص في توليد فرص|ينشئ استراتيجية منافسة|3–4 ترقيات للإحالات والقنوات|السلاسل محدودة ومقروءة وعائدها محسوب|Vitest حدود السلسلة وplaytest
M4.4|نفّذ فرع العمليات والتوجيه|gameplay,technical|P1|M4.1|تخصص في السعة والكلفة|يؤسس للأتمتة|3–4 ترقيات للفرز/السعة|ضغط العمل يتغير بصريًا ورقميًا|اختبار طوابير وفحص متصفح
M4.5|نفّذ تآزر الجوار بين المحطات|gameplay,design|P0|M4.2,M4.3|تثبيت أهمية الموضع|بدونه تصبح اللوحة ديكورًا|قاعدتان أوليتان ومؤشر شرط التآزر|تحريك محطة يغير النتيجة ويشرح السبب|اختبار adjacency وأمثلة مصورة
M4.6|نفّذ موزّع فرص آلي قابل للوضع|gameplay,technical|P0|M4.4,M4.5|خفض السحب المتكرر|التصاعد يحتاج انتقالًا إلى بناء نظام|موزع محدود بسعة ومسار preview|يعمل دون نقر متكرر ولا يمنع التدخل اليدوي|Vitest routing وPlaywright ماوس فقط
M4.7|وازن بناءين واختبر سقف السلاسل|design,testing,performance|P0|M4.3,M4.5,M4.6|منع استراتيجية واحدة أو انفجار أحداث|التآزر قد يكسر الاقتصاد/الأداء|سيناريوهان seed ثابت وتقرير playtest|بناءان ينجحان؛ لا loop غير محدود|اختبار ضغط وplaytest موثق
M5.1|أضف محتوى مرحلتي الفريق والشبكة|gameplay,design|P1|M4.7|توسيع اللعبة بعد إثبات الحلقة|التصاعد يحتاج تحديات جديدة|أنواع فرص ومحطات محدودة لكل مرحلة|كل أداة تحل ضغطًا ظهر قبلها|جولتان بالمتصفح وتقرير pacing
M5.2|أضف نهاية المدينة والحملة|gameplay,design|P1|M5.1|قوس تصاعد مكتمل|اللاعب يحتاج خاتمة لا grind مفتوح|هدف نهائي وموجة ضغط وشاشة نهاية|يمكن إنهاء الحملة دون softlock|اختبار مسار كامل وseed فشل
M5.3|أنشئ حزمة الفن الأصلية الأساسية|art,performance|P1|M4.7|هوية متسقة|الفن العشوائي يضعف القراءة|أشكال محطات وبطاقات وخلفيات atlas|كل asset يطابق Art Bible وله مصدر موثق|فحص بصري وحجم تحميل
M5.4|أضف حركة وتأثيرات وصوتًا متدرجًا|art,audio,performance|P1|M5.3,M5.1|تعزيز أثر السلاسل|game feel أولوية قبل العدد|pulses ومسارات وSFX أصلية وكتم|يوضح السبب ولا يغطي HUD أو يكرر الأصوات بكثافة|فحص سمعي/بصري واختبار حد VFX
M5.5|اختبر قراءة مراحل اللعبة وإمكانية الوصول|ui-ux,localization,testing|P0|M5.2,M5.4|منع فوضى التصاعد|كثافة المشهد قد تحجب القرار|لون/شكل ونص عربي وواجهات الأحجام|يفسر لاعب جديد حدث السلسلة وهدف المرحلة|جلسات playtest وRTL browser QA
M6.1|قِس وحسّن FPS وكثافة الأحداث|performance,technical|P0|M5.5|حماية الذروة|الأتمتة قد تستهلك CPU/GPU|profiling وحدود entities/VFX وتجميع رسم|30fps على جهاز اختبار متوسط في الذروة أو Issue واضح للانحراف|profiling موثق ومشهد ضغط
M6.2|قِس وحسّن حجم التحميل الأول|performance|P1|M5.3,M6.1|بدء سريع|الجمهور المتصفح لا ينتظر حزمة كبيرة|atlas وتقسيم تحميل وضغط أصول|هدف 2MB مضغوط أو قرار موثق مع قياس|تحليل bundle وNetwork browser
M6.3|تحقق من حفظ/استعادة الجولات والفشل|technical,testing|P0|M5.2,M3.5|منع ضياع التقدم أو فساد الحالة|save يتغير مع المحتوى|migrations ومحاكاة فساد/تحديث|لا crash ولا مكافأة مكررة مع نسخة قديمة|Vitest وreload browser
M6.4|اختبر توافق المتصفحات والماوس RTL|testing,localization|P0|M6.1,M6.3|ثبات التجربة على desktop|اختلافات WebGL وPointer وfonts|Chrome/Edge/Firefox ودقتان|المسار الأساسي يعمل وكل خلل موثق|مصفوفة browser smoke
M6.5|راجع توازن Alpha وعيوب الأولوية|design,bug,testing|P0|M6.2,M6.4|بوابة Alpha قابلة للعب|لا إصدار دون معرفة المخاطر|playtest وتوثيق bugs وتحديث pacing|لا P0 مفتوح ومعايير المتعة مقاسة|تقرير Alpha وروابط Issues
M7.1|نفّذ Beta playtest محدودًا|design,testing|P0|M6.5|تحقق من الفهم خارج فريق الإنتاج|الاعتياد يخفي مشاكل التعليم|جلسات جديدة وملاحظات منظمة|أهم العوائق لها Issues وأولوية|تقرير جلسات ولقطات عند الحاجة
M7.2|أصلح عوائق Beta واضبط الاقتصاد|gameplay,bug|P0|M7.1|جولات عادلة وواضحة|نتائج الاختبار تحكم القرار|إصلاحات P0/P1 فقط وتوازن محدود|لا softlock ولا build مسيطر بلا سبب|اختبارات انحدار وplaytest
M7.3|راجع النصوص العربية والواجهات النهائية|localization,ui-ux|P1|M7.2|قراءة عربية طبيعية|النص جزء من الفهم السريع|مراجعة مصطلحات وأرقام وخط وأزرار|لا قص نصوص أو اتجاه خاطئ في المسار الكامل|فحص بصري وثلاث دقات
M7.4|ثبّت إصدار الإنتاج وCI والنشر|technical,testing|P0|M7.2,M7.3|نسخة مستقرة برابط دائم|الرابط النهائي وعد المشروع|Actions release وPages وversion وrollback|URL يفتح نسخة main واختبار smoke أخضر|فحص من متصفح جديد وworkflow
M7.5|حدّث README ودليل اللعب وأغلق بوابة الإصدار|documentation,testing|P0|M7.4|تسليم واضح وقابل للصيانة|المستخدم يحتاج فهم الحالة والطريقة|README وchangelog وروابط وحالة roadmap|رابط اللعب وتاريخ النسخة وقيودها مثبتة|تدقيق روابط وRelease checklist
